email_address,phone,country,invoice_total
  ada.lovelace0@example.com ,+4400892903,GB,3461.51
grace.lovelace1@example.com,+73363894879,US,567.67
alan.lovelace2@example.com,+20480306579,DE,2664.3
edsger.lovelace3@example.com,+3810475166,FR,1904.22
barbara.lovelace4@example.com,+96361160997,NL,3029.68
  donald.lovelace5@example.com ,+12839222982,GB,1611.95
john.lovelace6@example.com,+91817898585,US,4476.83
tony.lovelace7@example.com,+57165311343,DE,2848.74
ada.hopper8@example.com,+23388313169,FR,2096.27
grace.hopper9@example.com,+4965249451,NL,1344.39
  alan.hopper10@example.com ,+84680032430,GB,4685.71
edsger.hopper11@example.com,+34740509411,US,1146.95
barbara.hopper12@example.com,+54148855868,DE,1779.12
donald.hopper13@example.com,+66398354907,FR,3659.26
john.hopper14@example.com,+93985853730,NL,2539.75
  tony.hopper15@example.com ,+38256857336,GB,4930.93
ada.turing16@example.com,+87183677280,US,3590.14
grace.turing17@example.com,+41901648476,DE,732.59
alan.turing18@example.com,+5476701903,FR,1694.86
edsger.turing19@example.com,+12131360430,NL,2586.88
  barbara.turing20@example.com ,+81389012278,GB,4362.78
donald.turing21@example.com,+29622602326,US,4767.17
john.turing22@example.com,+72234963386,DE,1983.53
tony.turing23@example.com,+83651880781,FR,3950.79
ada.dijkstra24@example.com,+13647816217,NL,4041.65
  grace.dijkstra25@example.com ,+77816383473,GB,4147.51
alan.dijkstra26@example.com,+48758386284,US,3219.97
edsger.dijkstra27@example.com,+3128861627,DE,1832.92
barbara.dijkstra28@example.com,+35515912441,FR,4364.09
donald.dijkstra29@example.com,+20265266533,NL,4367.9
  john.dijkstra30@example.com ,+24487638184,GB,2355.56
tony.dijkstra31@example.com,+16636906706,US,331.58
ada.liskov32@example.com,+9995286442,DE,4510.8
grace.liskov33@example.com,+24117097581,FR,1499.65
alan.liskov34@example.com,+23151145072,NL,4569.08
  edsger.liskov35@example.com ,+75303335589,GB,2970.91
barbara.liskov36@example.com,+45229581499,US,1598.21
donald.liskov37@example.com,+66481774572,DE,1365.13
john.liskov38@example.com,+96664658877,FR,1302.0
tony.liskov39@example.com,+78621435611,NL,526.58
  ada.knuth40@example.com ,+35146995737,GB,4234.24
grace.knuth41@example.com,+62156616193,US,2388.59
alan.knuth42@example.com,+11462129629,DE,16.66
edsger.knuth43@example.com,+39185147393,FR,2966.82
barbara.knuth44@example.com,+76694747901,NL,4777.58
  donald.knuth45@example.com ,+97944405928,GB,1432.77
john.knuth46@example.com,+43571206149,US,562.85
tony.knuth47@example.com,+26741913689,DE,4043.09
ada.backus48@example.com,+3181182406,FR,4506.66
grace.backus49@example.com,+10531086102,NL,3745.28
  alan.backus50@example.com ,+93538522994,GB,3842.97
edsger.backus51@example.com,+90872130162,US,3036.08
barbara.backus52@example.com,+68958056700,DE,1427.09
donald.backus53@example.com,+11716445032,FR,4394.21
john.backus54@example.com,+46187201214,NL,652.57
  tony.backus55@example.com ,+53533195124,GB,612.74
ada.hoare56@example.com,+91713780626,US,3312.25
grace.hoare57@example.com,+12344611144,DE,1767.66
alan.hoare58@example.com,+70180879164,FR,4236.54
edsger.hoare59@example.com,+25574793896,NL,1509.53
  barbara.hoare60@example.com ,+88353982840,GB,4759.94
donald.hoare61@example.com,+24561142258,US,4476.92
john.hoare62@example.com,+56334024507,DE,447.37
tony.hoare63@example.com,+78984303743,FR,1962.75
ada.lovelace64@example.com,+85643693713,NL,2037.39
  grace.lovelace65@example.com ,+94637621270,GB,2485.4
alan.lovelace66@example.com,+30753598973,US,2599.89
edsger.lovelace67@example.com,+70126663516,DE,3484.31
barbara.lovelace68@example.com,+88206430269,FR,2360.87
donald.lovelace69@example.com,+70759697233,NL,3143.18
  john.lovelace70@example.com ,+26427619307,GB,2202.97
tony.lovelace71@example.com,+30457122750,US,3291.86
ada.hopper72@example.com,+69894898143,DE,633.26
grace.hopper73@example.com,+91176044172,FR,781.63
alan.hopper74@example.com,+2397371266,NL,4946.95
  edsger.hopper75@example.com ,+40129550146,GB,2088.69
barbara.hopper76@example.com,+27206416885,US,4494.2
donald.hopper77@example.com,+52938113167,DE,3896.29
john.hopper78@example.com,+20240204639,FR,2821.08
tony.hopper79@example.com,+36858670087,NL,162.35
  ada.turing80@example.com ,+15852788157,GB,2595.14
grace.turing81@example.com,+73475487391,US,29.7
alan.turing82@example.com,+76992861343,DE,3608.71
edsger.turing83@example.com,+50966557845,FR,1393.66
barbara.turing84@example.com,+48887330123,NL,2782.91
  donald.turing85@example.com ,+37816257133,GB,3051.96
john.turing86@example.com,+30807780793,US,2831.58
tony.turing87@example.com,+12301334600,DE,1610.13
ada.dijkstra88@example.com,+41214018479,FR,4704.01
grace.dijkstra89@example.com,+68791821795,NL,4760.59
  alan.dijkstra90@example.com ,+59138226482,GB,4689.97
edsger.dijkstra91@example.com,+66383074408,US,3847.06
barbara.dijkstra92@example.com,+71558620512,DE,3554.69
donald.dijkstra93@example.com,+81475380963,FR,432.22
john.dijkstra94@example.com,+74235690879,NL,3479.47
  tony.dijkstra95@example.com ,+63567182445,GB,3462.65
ada.liskov96@example.com,+10246760242,US,361.21
grace.liskov97@example.com,+9842507418,DE,3362.01
alan.liskov98@example.com,+76428315250,FR,97.07
edsger.liskov99@example.com,+28798311855,NL,4315.35
  barbara.liskov100@example.com ,+98737647215,GB,4991.16
donald.liskov101@example.com,+7735650865,US,2982.06
john.liskov102@example.com,+4963136479,DE,4700.99
tony.liskov103@example.com,+98532250819,FR,1872.82
ada.knuth104@example.com,+27517764233,NL,599.06
  grace.knuth105@example.com ,+13355943807,GB,898.51
alan.knuth106@example.com,+42212053562,US,827.84
edsger.knuth107@example.com,+18880676451,DE,1184.35
barbara.knuth108@example.com,+59945328705,FR,4545.07
donald.knuth109@example.com,+96460833150,NL,3982.71
  john.knuth110@example.com ,+79472034782,GB,1939.23
tony.knuth111@example.com,+66191310162,US,4460.37
ada.backus112@example.com,+70947949970,DE,2856.78
grace.backus113@example.com,+26114608446,FR,271.36
alan.backus114@example.com,+67422841370,NL,1647.61
  edsger.backus115@example.com ,+77126075593,GB,1897.05
barbara.backus116@example.com,+3747599767,US,3188.22
donald.backus117@example.com,+3251892635,DE,3723.3
john.backus118@example.com,+67693094865,FR,2678.48
tony.backus119@example.com,+92108762298,NL,2224.3
  ada.hoare120@example.com ,+13999371322,GB,4523.48
grace.hoare121@example.com,+22672040166,US,4090.92
alan.hoare122@example.com,+46760830948,DE,4614.19
edsger.hoare123@example.com,+2287045978,FR,4186.79
barbara.hoare124@example.com,+23224288279,NL,2689.43
  donald.hoare125@example.com ,+3416687433,GB,1165.53
john.hoare126@example.com,+94390918452,US,858.64
tony.hoare127@example.com,+51191664057,DE,383.79
ada.lovelace128@example.com,+73467421769,FR,252.63
grace.lovelace129@example.com,+98112083870,NL,3204.41
  alan.lovelace130@example.com ,+60875207043,GB,4094.01
edsger.lovelace131@example.com,+49312309337,US,4449.43
barbara.lovelace132@example.com,+23395201765,DE,725.77
donald.lovelace133@example.com,+35596026577,FR,4510.74
john.lovelace134@example.com,+47382275440,NL,3873.75
  tony.lovelace135@example.com ,+55307836227,GB,1737.72
ada.hopper136@example.com,+1168824065,US,1660.67
grace.hopper137@example.com,+6898113958,DE,882.9
alan.hopper138@example.com,+23533481896,FR,2519.26
edsger.hopper139@example.com,+72939991917,NL,3676.38
  barbara.hopper140@example.com ,+28728204846,GB,2476.87
donald.hopper141@example.com,+95353119671,US,2550.31
john.hopper142@example.com,+83177571068,DE,1046.74
tony.hopper143@example.com,+88663061078,FR,4567.73
ada.turing144@example.com,+77726402385,NL,2944.66
  grace.turing145@example.com ,+1341687662,GB,3267.41
alan.turing146@example.com,+24317537396,US,4429.17
edsger.turing147@example.com,+87779859890,DE,505.34
barbara.turing148@example.com,+42373401467,FR,237.36
donald.turing149@example.com,+74201289811,NL,3879.79
